"","pearson","spearman"
"1",0.0835523163310933,0.0231824650195481
